report_text,label,NAICS_STR
"A 12-inch adjustable wrench fell from a 4-foot workbench onto a helper's steel-toed safety boot. Boot cap protected toes, resulting in minor foot contusion.",0,213112
"Roustabout was standing near the mud pump at a rig site when a 2-inch steel discharge line severed under 2800 PSI pressure, striking his shoulder and fracturing his clavicle. Employee was hospitalized.",1,213111
Technician was cleaning valve parts with solvent spray when minor droplet splashed around safety glasses into left eye. Eye was flushed at eyewash station for 15 minutes. Returned to full work next morning.,0,237120
"A 12-inch adjustable wrench fell from a 4-foot workbench onto a helper's steel-toed safety boot. Boot cap protected toes, resulting in minor foot contusion.",0,213112
"Mechanic was replacing a fan belt on an auxiliary generator. His glove caught on the motor pulley shear point, resulting in minor skin laceration on thumb. Received first aid at local clinic, no hospitalization required.",0,213111
"Crude oil transport driver slipped on icy metal footstep while descending from truck cab, spraining right ankle. Treated at outpatient urgent care and released same day.",0,486110
"Mechanic was replacing a fan belt on an auxiliary generator. His glove caught on the motor pulley shear point, resulting in minor skin laceration on thumb. Received first aid at local clinic, no hospitalization required.",0,213111
Technician was cleaning valve parts with solvent spray when minor droplet splashed around safety glasses into left eye. Eye was flushed at eyewash station for 15 minutes. Returned to full work next morning.,0,237120
"A 12-inch adjustable wrench fell from a 4-foot workbench onto a helper's steel-toed safety boot. Boot cap protected toes, resulting in minor foot contusion.",0,213112
"Mechanic was replacing a fan belt on an auxiliary generator. His glove caught on the motor pulley shear point, resulting in minor skin laceration on thumb. Received first aid at local clinic, no hospitalization required.",0,213111
"Derrickman was guiding drill pipe at the monkey board elevated platform when his safety harness lanyard detached from the inertia reel. Worker fell 15 feet onto the derrick substructure, sustaining spinal fractures.",1,213112
"A 12-inch adjustable wrench fell from a 4-foot workbench onto a helper's steel-toed safety boot. Boot cap protected toes, resulting in minor foot contusion.",0,213112
"A 12-inch adjustable wrench fell from a 4-foot workbench onto a helper's steel-toed safety boot. Boot cap protected toes, resulting in minor foot contusion.",0,213112
"Mechanic was replacing a fan belt on an auxiliary generator. His glove caught on the motor pulley shear point, resulting in minor skin laceration on thumb. Received first aid at local clinic, no hospitalization required.",0,213111
"Mechanic was replacing a fan belt on an auxiliary generator. His glove caught on the motor pulley shear point, resulting in minor skin laceration on thumb. Received first aid at local clinic, no hospitalization required.",0,213111
"A 12-inch adjustable wrench fell from a 4-foot workbench onto a helper's steel-toed safety boot. Boot cap protected toes, resulting in minor foot contusion.",0,213112
"Crude oil transport driver slipped on icy metal footstep while descending from truck cab, spraining right ankle. Treated at outpatient urgent care and released same day.",0,486110
"Crude oil transport driver slipped on icy metal footstep while descending from truck cab, spraining right ankle. Treated at outpatient urgent care and released same day.",0,486110
"During offloading of 10-inch casing pipe from a flatbed trailer, the crane load swung unexpectedly. Pipe fitter standing in the line of fire was pinned between swinging load and truck bed, sustaining crushed pelvic injury.",1,486110
"Crude oil transport driver slipped on icy metal footstep while descending from truck cab, spraining right ankle. Treated at outpatient urgent care and released same day.",0,486110
"A 12-inch adjustable wrench fell from a 4-foot workbench onto a helper's steel-toed safety boot. Boot cap protected toes, resulting in minor foot contusion.",0,213112
"On a drilling rig floor, an employee was operating breakout tongs during tripping out of hole. His left hand slipped into the pinch point between the tong jaw and drill collar, resulting in partial index finger amputation.",1,211111
"A 12-inch adjustable wrench fell from a 4-foot workbench onto a helper's steel-toed safety boot. Boot cap protected toes, resulting in minor foot contusion.",0,213112
Technician was cleaning valve parts with solvent spray when minor droplet splashed around safety glasses into left eye. Eye was flushed at eyewash station for 15 minutes. Returned to full work next morning.,0,237120
"Roustabout was standing near the mud pump at a rig site when a 2-inch steel discharge line severed under 2800 PSI pressure, striking his shoulder and fracturing his clavicle. Employee was hospitalized.",1,213111
"A 12-inch adjustable wrench fell from a 4-foot workbench onto a helper's steel-toed safety boot. Boot cap protected toes, resulting in minor foot contusion.",0,213112
"Crude oil transport driver slipped on icy metal footstep while descending from truck cab, spraining right ankle. Treated at outpatient urgent care and released same day.",0,486110
"Roustabout was standing near the mud pump at a rig site when a 2-inch steel discharge line severed under 2800 PSI pressure, striking his shoulder and fracturing his clavicle. Employee was hospitalized.",1,213111
Employee entered a sour crude separator vessel without testing atmospheric gas levels or wearing SCBA. High concentration of hydrogen sulfide (H2S) caused instant loss of consciousness. Co-worker pulled operator out.,1,211111
Technician was cleaning valve parts with solvent spray when minor droplet splashed around safety glasses into left eye. Eye was flushed at eyewash station for 15 minutes. Returned to full work next morning.,0,237120
"A 12-inch adjustable wrench fell from a 4-foot workbench onto a helper's steel-toed safety boot. Boot cap protected toes, resulting in minor foot contusion.",0,213112
"On a drilling rig floor, an employee was operating breakout tongs during tripping out of hole. His left hand slipped into the pinch point between the tong jaw and drill collar, resulting in partial index finger amputation.",1,211111
Employee entered a sour crude separator vessel without testing atmospheric gas levels or wearing SCBA. High concentration of hydrogen sulfide (H2S) caused instant loss of consciousness. Co-worker pulled operator out.,1,211111
"Mechanic was replacing a fan belt on an auxiliary generator. His glove caught on the motor pulley shear point, resulting in minor skin laceration on thumb. Received first aid at local clinic, no hospitalization required.",0,213111
"Mechanic was replacing a fan belt on an auxiliary generator. His glove caught on the motor pulley shear point, resulting in minor skin laceration on thumb. Received first aid at local clinic, no hospitalization required.",0,213111
Technician was cleaning valve parts with solvent spray when minor droplet splashed around safety glasses into left eye. Eye was flushed at eyewash station for 15 minutes. Returned to full work next morning.,0,237120
"During offloading of 10-inch casing pipe from a flatbed trailer, the crane load swung unexpectedly. Pipe fitter standing in the line of fire was pinned between swinging load and truck bed, sustaining crushed pelvic injury.",1,486110
"Mechanic was replacing a fan belt on an auxiliary generator. His glove caught on the motor pulley shear point, resulting in minor skin laceration on thumb. Received first aid at local clinic, no hospitalization required.",0,213111
"Mechanic was replacing a fan belt on an auxiliary generator. His glove caught on the motor pulley shear point, resulting in minor skin laceration on thumb. Received first aid at local clinic, no hospitalization required.",0,213111
Technician was cleaning valve parts with solvent spray when minor droplet splashed around safety glasses into left eye. Eye was flushed at eyewash station for 15 minutes. Returned to full work next morning.,0,237120
Technician was cleaning valve parts with solvent spray when minor droplet splashed around safety glasses into left eye. Eye was flushed at eyewash station for 15 minutes. Returned to full work next morning.,0,237120
"Mechanic was replacing a fan belt on an auxiliary generator. His glove caught on the motor pulley shear point, resulting in minor skin laceration on thumb. Received first aid at local clinic, no hospitalization required.",0,213111
Technician was cleaning valve parts with solvent spray when minor droplet splashed around safety glasses into left eye. Eye was flushed at eyewash station for 15 minutes. Returned to full work next morning.,0,237120
"Mechanic was replacing a fan belt on an auxiliary generator. His glove caught on the motor pulley shear point, resulting in minor skin laceration on thumb. Received first aid at local clinic, no hospitalization required.",0,213111
"During offloading of 10-inch casing pipe from a flatbed trailer, the crane load swung unexpectedly. Pipe fitter standing in the line of fire was pinned between swinging load and truck bed, sustaining crushed pelvic injury.",1,486110
"On a drilling rig floor, an employee was operating breakout tongs during tripping out of hole. His left hand slipped into the pinch point between the tong jaw and drill collar, resulting in partial index finger amputation.",1,211111
Technician was cleaning valve parts with solvent spray when minor droplet splashed around safety glasses into left eye. Eye was flushed at eyewash station for 15 minutes. Returned to full work next morning.,0,237120
"Roustabout was standing near the mud pump at a rig site when a 2-inch steel discharge line severed under 2800 PSI pressure, striking his shoulder and fracturing his clavicle. Employee was hospitalized.",1,213111
Technician was cleaning valve parts with solvent spray when minor droplet splashed around safety glasses into left eye. Eye was flushed at eyewash station for 15 minutes. Returned to full work next morning.,0,237120
"Crude oil transport driver slipped on icy metal footstep while descending from truck cab, spraining right ankle. Treated at outpatient urgent care and released same day.",0,486110
Technician was cleaning valve parts with solvent spray when minor droplet splashed around safety glasses into left eye. Eye was flushed at eyewash station for 15 minutes. Returned to full work next morning.,0,237120
"A 12-inch adjustable wrench fell from a 4-foot workbench onto a helper's steel-toed safety boot. Boot cap protected toes, resulting in minor foot contusion.",0,213112
"Crude oil transport driver slipped on icy metal footstep while descending from truck cab, spraining right ankle. Treated at outpatient urgent care and released same day.",0,486110
"A 12-inch adjustable wrench fell from a 4-foot workbench onto a helper's steel-toed safety boot. Boot cap protected toes, resulting in minor foot contusion.",0,213112
"A 12-inch adjustable wrench fell from a 4-foot workbench onto a helper's steel-toed safety boot. Boot cap protected toes, resulting in minor foot contusion.",0,213112
"Mechanic was replacing a fan belt on an auxiliary generator. His glove caught on the motor pulley shear point, resulting in minor skin laceration on thumb. Received first aid at local clinic, no hospitalization required.",0,213111
"A 12-inch adjustable wrench fell from a 4-foot workbench onto a helper's steel-toed safety boot. Boot cap protected toes, resulting in minor foot contusion.",0,213112
"A 12-inch adjustable wrench fell from a 4-foot workbench onto a helper's steel-toed safety boot. Boot cap protected toes, resulting in minor foot contusion.",0,213112
"Contract welder was cutting a structural beam near an unpurged hydrocarbon drain valve. Accumulated flammable gas ignited, causing second-degree thermal burns to arms and neck. Required 4-day inpatient hospitalization.",1,237120
"Crude oil transport driver slipped on icy metal footstep while descending from truck cab, spraining right ankle. Treated at outpatient urgent care and released same day.",0,486110
Technician was cleaning valve parts with solvent spray when minor droplet splashed around safety glasses into left eye. Eye was flushed at eyewash station for 15 minutes. Returned to full work next morning.,0,237120
"During offloading of 10-inch casing pipe from a flatbed trailer, the crane load swung unexpectedly. Pipe fitter standing in the line of fire was pinned between swinging load and truck bed, sustaining crushed pelvic injury.",1,486110
"Mechanic was replacing a fan belt on an auxiliary generator. His glove caught on the motor pulley shear point, resulting in minor skin laceration on thumb. Received first aid at local clinic, no hospitalization required.",0,213111
Technician was cleaning valve parts with solvent spray when minor droplet splashed around safety glasses into left eye. Eye was flushed at eyewash station for 15 minutes. Returned to full work next morning.,0,237120
"A 12-inch adjustable wrench fell from a 4-foot workbench onto a helper's steel-toed safety boot. Boot cap protected toes, resulting in minor foot contusion.",0,213112
Employee entered a sour crude separator vessel without testing atmospheric gas levels or wearing SCBA. High concentration of hydrogen sulfide (H2S) caused instant loss of consciousness. Co-worker pulled operator out.,1,211111
"Mechanic was replacing a fan belt on an auxiliary generator. His glove caught on the motor pulley shear point, resulting in minor skin laceration on thumb. Received first aid at local clinic, no hospitalization required.",0,213111
"Mechanic was replacing a fan belt on an auxiliary generator. His glove caught on the motor pulley shear point, resulting in minor skin laceration on thumb. Received first aid at local clinic, no hospitalization required.",0,213111
Technician was cleaning valve parts with solvent spray when minor droplet splashed around safety glasses into left eye. Eye was flushed at eyewash station for 15 minutes. Returned to full work next morning.,0,237120
"Crude oil transport driver slipped on icy metal footstep while descending from truck cab, spraining right ankle. Treated at outpatient urgent care and released same day.",0,486110
"Mechanic was replacing a fan belt on an auxiliary generator. His glove caught on the motor pulley shear point, resulting in minor skin laceration on thumb. Received first aid at local clinic, no hospitalization required.",0,213111
"Contract welder was cutting a structural beam near an unpurged hydrocarbon drain valve. Accumulated flammable gas ignited, causing second-degree thermal burns to arms and neck. Required 4-day inpatient hospitalization.",1,237120
Technician was cleaning valve parts with solvent spray when minor droplet splashed around safety glasses into left eye. Eye was flushed at eyewash station for 15 minutes. Returned to full work next morning.,0,237120
"A 12-inch adjustable wrench fell from a 4-foot workbench onto a helper's steel-toed safety boot. Boot cap protected toes, resulting in minor foot contusion.",0,213112
"A 12-inch adjustable wrench fell from a 4-foot workbench onto a helper's steel-toed safety boot. Boot cap protected toes, resulting in minor foot contusion.",0,213112
"A 12-inch adjustable wrench fell from a 4-foot workbench onto a helper's steel-toed safety boot. Boot cap protected toes, resulting in minor foot contusion.",0,213112
"Crude oil transport driver slipped on icy metal footstep while descending from truck cab, spraining right ankle. Treated at outpatient urgent care and released same day.",0,486110
"Crude oil transport driver slipped on icy metal footstep while descending from truck cab, spraining right ankle. Treated at outpatient urgent care and released same day.",0,486110
"A 12-inch adjustable wrench fell from a 4-foot workbench onto a helper's steel-toed safety boot. Boot cap protected toes, resulting in minor foot contusion.",0,213112
Employee entered a sour crude separator vessel without testing atmospheric gas levels or wearing SCBA. High concentration of hydrogen sulfide (H2S) caused instant loss of consciousness. Co-worker pulled operator out.,1,211111
"Mechanic was replacing a fan belt on an auxiliary generator. His glove caught on the motor pulley shear point, resulting in minor skin laceration on thumb. Received first aid at local clinic, no hospitalization required.",0,213111
"A 12-inch adjustable wrench fell from a 4-foot workbench onto a helper's steel-toed safety boot. Boot cap protected toes, resulting in minor foot contusion.",0,213112
"Crude oil transport driver slipped on icy metal footstep while descending from truck cab, spraining right ankle. Treated at outpatient urgent care and released same day.",0,486110
Technician was cleaning valve parts with solvent spray when minor droplet splashed around safety glasses into left eye. Eye was flushed at eyewash station for 15 minutes. Returned to full work next morning.,0,237120
"Mechanic was replacing a fan belt on an auxiliary generator. His glove caught on the motor pulley shear point, resulting in minor skin laceration on thumb. Received first aid at local clinic, no hospitalization required.",0,213111
Employee entered a sour crude separator vessel without testing atmospheric gas levels or wearing SCBA. High concentration of hydrogen sulfide (H2S) caused instant loss of consciousness. Co-worker pulled operator out.,1,211111
"A 12-inch adjustable wrench fell from a 4-foot workbench onto a helper's steel-toed safety boot. Boot cap protected toes, resulting in minor foot contusion.",0,213112
"Mechanic was replacing a fan belt on an auxiliary generator. His glove caught on the motor pulley shear point, resulting in minor skin laceration on thumb. Received first aid at local clinic, no hospitalization required.",0,213111
Employee entered a sour crude separator vessel without testing atmospheric gas levels or wearing SCBA. High concentration of hydrogen sulfide (H2S) caused instant loss of consciousness. Co-worker pulled operator out.,1,211111
"On a drilling rig floor, an employee was operating breakout tongs during tripping out of hole. His left hand slipped into the pinch point between the tong jaw and drill collar, resulting in partial index finger amputation.",1,211111
Technician was cleaning valve parts with solvent spray when minor droplet splashed around safety glasses into left eye. Eye was flushed at eyewash station for 15 minutes. Returned to full work next morning.,0,237120
"A 12-inch adjustable wrench fell from a 4-foot workbench onto a helper's steel-toed safety boot. Boot cap protected toes, resulting in minor foot contusion.",0,213112
"On a drilling rig floor, an employee was operating breakout tongs during tripping out of hole. His left hand slipped into the pinch point between the tong jaw and drill collar, resulting in partial index finger amputation.",1,211111
"A 12-inch adjustable wrench fell from a 4-foot workbench onto a helper's steel-toed safety boot. Boot cap protected toes, resulting in minor foot contusion.",0,213112
"Crude oil transport driver slipped on icy metal footstep while descending from truck cab, spraining right ankle. Treated at outpatient urgent care and released same day.",0,486110
"During offloading of 10-inch casing pipe from a flatbed trailer, the crane load swung unexpectedly. Pipe fitter standing in the line of fire was pinned between swinging load and truck bed, sustaining crushed pelvic injury.",1,486110
"Mechanic was replacing a fan belt on an auxiliary generator. His glove caught on the motor pulley shear point, resulting in minor skin laceration on thumb. Received first aid at local clinic, no hospitalization required.",0,213111
"During offloading of 10-inch casing pipe from a flatbed trailer, the crane load swung unexpectedly. Pipe fitter standing in the line of fire was pinned between swinging load and truck bed, sustaining crushed pelvic injury.",1,486110
"Crude oil transport driver slipped on icy metal footstep while descending from truck cab, spraining right ankle. Treated at outpatient urgent care and released same day.",0,486110
Technician was cleaning valve parts with solvent spray when minor droplet splashed around safety glasses into left eye. Eye was flushed at eyewash station for 15 minutes. Returned to full work next morning.,0,237120
Employee entered a sour crude separator vessel without testing atmospheric gas levels or wearing SCBA. High concentration of hydrogen sulfide (H2S) caused instant loss of consciousness. Co-worker pulled operator out.,1,211111
"Mechanic was replacing a fan belt on an auxiliary generator. His glove caught on the motor pulley shear point, resulting in minor skin laceration on thumb. Received first aid at local clinic, no hospitalization required.",0,213111
"A 12-inch adjustable wrench fell from a 4-foot workbench onto a helper's steel-toed safety boot. Boot cap protected toes, resulting in minor foot contusion.",0,213112
Employee entered a sour crude separator vessel without testing atmospheric gas levels or wearing SCBA. High concentration of hydrogen sulfide (H2S) caused instant loss of consciousness. Co-worker pulled operator out.,1,211111
"A 12-inch adjustable wrench fell from a 4-foot workbench onto a helper's steel-toed safety boot. Boot cap protected toes, resulting in minor foot contusion.",0,213112
Technician was cleaning valve parts with solvent spray when minor droplet splashed around safety glasses into left eye. Eye was flushed at eyewash station for 15 minutes. Returned to full work next morning.,0,237120
"On a drilling rig floor, an employee was operating breakout tongs during tripping out of hole. His left hand slipped into the pinch point between the tong jaw and drill collar, resulting in partial index finger amputation.",1,211111
Employee entered a sour crude separator vessel without testing atmospheric gas levels or wearing SCBA. High concentration of hydrogen sulfide (H2S) caused instant loss of consciousness. Co-worker pulled operator out.,1,211111
"Mechanic was replacing a fan belt on an auxiliary generator. His glove caught on the motor pulley shear point, resulting in minor skin laceration on thumb. Received first aid at local clinic, no hospitalization required.",0,213111
Technician was cleaning valve parts with solvent spray when minor droplet splashed around safety glasses into left eye. Eye was flushed at eyewash station for 15 minutes. Returned to full work next morning.,0,237120
Technician was cleaning valve parts with solvent spray when minor droplet splashed around safety glasses into left eye. Eye was flushed at eyewash station for 15 minutes. Returned to full work next morning.,0,237120
"Mechanic was replacing a fan belt on an auxiliary generator. His glove caught on the motor pulley shear point, resulting in minor skin laceration on thumb. Received first aid at local clinic, no hospitalization required.",0,213111
Employee entered a sour crude separator vessel without testing atmospheric gas levels or wearing SCBA. High concentration of hydrogen sulfide (H2S) caused instant loss of consciousness. Co-worker pulled operator out.,1,211111
"A 12-inch adjustable wrench fell from a 4-foot workbench onto a helper's steel-toed safety boot. Boot cap protected toes, resulting in minor foot contusion.",0,213112
Technician was cleaning valve parts with solvent spray when minor droplet splashed around safety glasses into left eye. Eye was flushed at eyewash station for 15 minutes. Returned to full work next morning.,0,237120
"Mechanic was replacing a fan belt on an auxiliary generator. His glove caught on the motor pulley shear point, resulting in minor skin laceration on thumb. Received first aid at local clinic, no hospitalization required.",0,213111
"Mechanic was replacing a fan belt on an auxiliary generator. His glove caught on the motor pulley shear point, resulting in minor skin laceration on thumb. Received first aid at local clinic, no hospitalization required.",0,213111
"Contract welder was cutting a structural beam near an unpurged hydrocarbon drain valve. Accumulated flammable gas ignited, causing second-degree thermal burns to arms and neck. Required 4-day inpatient hospitalization.",1,237120
"On a drilling rig floor, an employee was operating breakout tongs during tripping out of hole. His left hand slipped into the pinch point between the tong jaw and drill collar, resulting in partial index finger amputation.",1,211111
"Crude oil transport driver slipped on icy metal footstep while descending from truck cab, spraining right ankle. Treated at outpatient urgent care and released same day.",0,486110
"Crude oil transport driver slipped on icy metal footstep while descending from truck cab, spraining right ankle. Treated at outpatient urgent care and released same day.",0,486110
"Derrickman was guiding drill pipe at the monkey board elevated platform when his safety harness lanyard detached from the inertia reel. Worker fell 15 feet onto the derrick substructure, sustaining spinal fractures.",1,213112
"Derrickman was guiding drill pipe at the monkey board elevated platform when his safety harness lanyard detached from the inertia reel. Worker fell 15 feet onto the derrick substructure, sustaining spinal fractures.",1,213112
"Crude oil transport driver slipped on icy metal footstep while descending from truck cab, spraining right ankle. Treated at outpatient urgent care and released same day.",0,486110
"Crude oil transport driver slipped on icy metal footstep while descending from truck cab, spraining right ankle. Treated at outpatient urgent care and released same day.",0,486110
"On a drilling rig floor, an employee was operating breakout tongs during tripping out of hole. His left hand slipped into the pinch point between the tong jaw and drill collar, resulting in partial index finger amputation.",1,211111
"A 12-inch adjustable wrench fell from a 4-foot workbench onto a helper's steel-toed safety boot. Boot cap protected toes, resulting in minor foot contusion.",0,213112
"Mechanic was replacing a fan belt on an auxiliary generator. His glove caught on the motor pulley shear point, resulting in minor skin laceration on thumb. Received first aid at local clinic, no hospitalization required.",0,213111
"Contract welder was cutting a structural beam near an unpurged hydrocarbon drain valve. Accumulated flammable gas ignited, causing second-degree thermal burns to arms and neck. Required 4-day inpatient hospitalization.",1,237120
"Crude oil transport driver slipped on icy metal footstep while descending from truck cab, spraining right ankle. Treated at outpatient urgent care and released same day.",0,486110
"A 12-inch adjustable wrench fell from a 4-foot workbench onto a helper's steel-toed safety boot. Boot cap protected toes, resulting in minor foot contusion.",0,213112
"Mechanic was replacing a fan belt on an auxiliary generator. His glove caught on the motor pulley shear point, resulting in minor skin laceration on thumb. Received first aid at local clinic, no hospitalization required.",0,213111
"During offloading of 10-inch casing pipe from a flatbed trailer, the crane load swung unexpectedly. Pipe fitter standing in the line of fire was pinned between swinging load and truck bed, sustaining crushed pelvic injury.",1,486110
"A 12-inch adjustable wrench fell from a 4-foot workbench onto a helper's steel-toed safety boot. Boot cap protected toes, resulting in minor foot contusion.",0,213112
"During offloading of 10-inch casing pipe from a flatbed trailer, the crane load swung unexpectedly. Pipe fitter standing in the line of fire was pinned between swinging load and truck bed, sustaining crushed pelvic injury.",1,486110
Technician was cleaning valve parts with solvent spray when minor droplet splashed around safety glasses into left eye. Eye was flushed at eyewash station for 15 minutes. Returned to full work next morning.,0,237120
"On a drilling rig floor, an employee was operating breakout tongs during tripping out of hole. His left hand slipped into the pinch point between the tong jaw and drill collar, resulting in partial index finger amputation.",1,211111
"Crude oil transport driver slipped on icy metal footstep while descending from truck cab, spraining right ankle. Treated at outpatient urgent care and released same day.",0,486110
Technician was cleaning valve parts with solvent spray when minor droplet splashed around safety glasses into left eye. Eye was flushed at eyewash station for 15 minutes. Returned to full work next morning.,0,237120
"During offloading of 10-inch casing pipe from a flatbed trailer, the crane load swung unexpectedly. Pipe fitter standing in the line of fire was pinned between swinging load and truck bed, sustaining crushed pelvic injury.",1,486110
"A 12-inch adjustable wrench fell from a 4-foot workbench onto a helper's steel-toed safety boot. Boot cap protected toes, resulting in minor foot contusion.",0,213112
Technician was cleaning valve parts with solvent spray when minor droplet splashed around safety glasses into left eye. Eye was flushed at eyewash station for 15 minutes. Returned to full work next morning.,0,237120
"Derrickman was guiding drill pipe at the monkey board elevated platform when his safety harness lanyard detached from the inertia reel. Worker fell 15 feet onto the derrick substructure, sustaining spinal fractures.",1,213112
"On a drilling rig floor, an employee was operating breakout tongs during tripping out of hole. His left hand slipped into the pinch point between the tong jaw and drill collar, resulting in partial index finger amputation.",1,211111
"Mechanic was replacing a fan belt on an auxiliary generator. His glove caught on the motor pulley shear point, resulting in minor skin laceration on thumb. Received first aid at local clinic, no hospitalization required.",0,213111
"Contract welder was cutting a structural beam near an unpurged hydrocarbon drain valve. Accumulated flammable gas ignited, causing second-degree thermal burns to arms and neck. Required 4-day inpatient hospitalization.",1,237120
"Crude oil transport driver slipped on icy metal footstep while descending from truck cab, spraining right ankle. Treated at outpatient urgent care and released same day.",0,486110
"Crude oil transport driver slipped on icy metal footstep while descending from truck cab, spraining right ankle. Treated at outpatient urgent care and released same day.",0,486110
Technician was cleaning valve parts with solvent spray when minor droplet splashed around safety glasses into left eye. Eye was flushed at eyewash station for 15 minutes. Returned to full work next morning.,0,237120
"Crude oil transport driver slipped on icy metal footstep while descending from truck cab, spraining right ankle. Treated at outpatient urgent care and released same day.",0,486110
"Crude oil transport driver slipped on icy metal footstep while descending from truck cab, spraining right ankle. Treated at outpatient urgent care and released same day.",0,486110
"Crude oil transport driver slipped on icy metal footstep while descending from truck cab, spraining right ankle. Treated at outpatient urgent care and released same day.",0,486110
"Mechanic was replacing a fan belt on an auxiliary generator. His glove caught on the motor pulley shear point, resulting in minor skin laceration on thumb. Received first aid at local clinic, no hospitalization required.",0,213111
"Crude oil transport driver slipped on icy metal footstep while descending from truck cab, spraining right ankle. Treated at outpatient urgent care and released same day.",0,486110
"A 12-inch adjustable wrench fell from a 4-foot workbench onto a helper's steel-toed safety boot. Boot cap protected toes, resulting in minor foot contusion.",0,213112
"Mechanic was replacing a fan belt on an auxiliary generator. His glove caught on the motor pulley shear point, resulting in minor skin laceration on thumb. Received first aid at local clinic, no hospitalization required.",0,213111
"Crude oil transport driver slipped on icy metal footstep while descending from truck cab, spraining right ankle. Treated at outpatient urgent care and released same day.",0,486110
"Mechanic was replacing a fan belt on an auxiliary generator. His glove caught on the motor pulley shear point, resulting in minor skin laceration on thumb. Received first aid at local clinic, no hospitalization required.",0,213111
"Mechanic was replacing a fan belt on an auxiliary generator. His glove caught on the motor pulley shear point, resulting in minor skin laceration on thumb. Received first aid at local clinic, no hospitalization required.",0,213111
"Crude oil transport driver slipped on icy metal footstep while descending from truck cab, spraining right ankle. Treated at outpatient urgent care and released same day.",0,486110
"A 12-inch adjustable wrench fell from a 4-foot workbench onto a helper's steel-toed safety boot. Boot cap protected toes, resulting in minor foot contusion.",0,213112
Technician was cleaning valve parts with solvent spray when minor droplet splashed around safety glasses into left eye. Eye was flushed at eyewash station for 15 minutes. Returned to full work next morning.,0,237120
"A 12-inch adjustable wrench fell from a 4-foot workbench onto a helper's steel-toed safety boot. Boot cap protected toes, resulting in minor foot contusion.",0,213112
"Roustabout was standing near the mud pump at a rig site when a 2-inch steel discharge line severed under 2800 PSI pressure, striking his shoulder and fracturing his clavicle. Employee was hospitalized.",1,213111
"During offloading of 10-inch casing pipe from a flatbed trailer, the crane load swung unexpectedly. Pipe fitter standing in the line of fire was pinned between swinging load and truck bed, sustaining crushed pelvic injury.",1,486110
"Crude oil transport driver slipped on icy metal footstep while descending from truck cab, spraining right ankle. Treated at outpatient urgent care and released same day.",0,486110
Technician was cleaning valve parts with solvent spray when minor droplet splashed around safety glasses into left eye. Eye was flushed at eyewash station for 15 minutes. Returned to full work next morning.,0,237120
"A 12-inch adjustable wrench fell from a 4-foot workbench onto a helper's steel-toed safety boot. Boot cap protected toes, resulting in minor foot contusion.",0,213112
Technician was cleaning valve parts with solvent spray when minor droplet splashed around safety glasses into left eye. Eye was flushed at eyewash station for 15 minutes. Returned to full work next morning.,0,237120
"Mechanic was replacing a fan belt on an auxiliary generator. His glove caught on the motor pulley shear point, resulting in minor skin laceration on thumb. Received first aid at local clinic, no hospitalization required.",0,213111
"Crude oil transport driver slipped on icy metal footstep while descending from truck cab, spraining right ankle. Treated at outpatient urgent care and released same day.",0,486110
"A 12-inch adjustable wrench fell from a 4-foot workbench onto a helper's steel-toed safety boot. Boot cap protected toes, resulting in minor foot contusion.",0,213112
"A 12-inch adjustable wrench fell from a 4-foot workbench onto a helper's steel-toed safety boot. Boot cap protected toes, resulting in minor foot contusion.",0,213112
Technician was cleaning valve parts with solvent spray when minor droplet splashed around safety glasses into left eye. Eye was flushed at eyewash station for 15 minutes. Returned to full work next morning.,0,237120
"Mechanic was replacing a fan belt on an auxiliary generator. His glove caught on the motor pulley shear point, resulting in minor skin laceration on thumb. Received first aid at local clinic, no hospitalization required.",0,213111
"Derrickman was guiding drill pipe at the monkey board elevated platform when his safety harness lanyard detached from the inertia reel. Worker fell 15 feet onto the derrick substructure, sustaining spinal fractures.",1,213112
"A 12-inch adjustable wrench fell from a 4-foot workbench onto a helper's steel-toed safety boot. Boot cap protected toes, resulting in minor foot contusion.",0,213112
"A 12-inch adjustable wrench fell from a 4-foot workbench onto a helper's steel-toed safety boot. Boot cap protected toes, resulting in minor foot contusion.",0,213112
"Crude oil transport driver slipped on icy metal footstep while descending from truck cab, spraining right ankle. Treated at outpatient urgent care and released same day.",0,486110
Technician was cleaning valve parts with solvent spray when minor droplet splashed around safety glasses into left eye. Eye was flushed at eyewash station for 15 minutes. Returned to full work next morning.,0,237120
Technician was cleaning valve parts with solvent spray when minor droplet splashed around safety glasses into left eye. Eye was flushed at eyewash station for 15 minutes. Returned to full work next morning.,0,237120
Employee entered a sour crude separator vessel without testing atmospheric gas levels or wearing SCBA. High concentration of hydrogen sulfide (H2S) caused instant loss of consciousness. Co-worker pulled operator out.,1,211111
"Crude oil transport driver slipped on icy metal footstep while descending from truck cab, spraining right ankle. Treated at outpatient urgent care and released same day.",0,486110
"Crude oil transport driver slipped on icy metal footstep while descending from truck cab, spraining right ankle. Treated at outpatient urgent care and released same day.",0,486110
"Mechanic was replacing a fan belt on an auxiliary generator. His glove caught on the motor pulley shear point, resulting in minor skin laceration on thumb. Received first aid at local clinic, no hospitalization required.",0,213111
"Crude oil transport driver slipped on icy metal footstep while descending from truck cab, spraining right ankle. Treated at outpatient urgent care and released same day.",0,486110
Technician was cleaning valve parts with solvent spray when minor droplet splashed around safety glasses into left eye. Eye was flushed at eyewash station for 15 minutes. Returned to full work next morning.,0,237120
"Mechanic was replacing a fan belt on an auxiliary generator. His glove caught on the motor pulley shear point, resulting in minor skin laceration on thumb. Received first aid at local clinic, no hospitalization required.",0,213111
"Mechanic was replacing a fan belt on an auxiliary generator. His glove caught on the motor pulley shear point, resulting in minor skin laceration on thumb. Received first aid at local clinic, no hospitalization required.",0,213111
"Roustabout was standing near the mud pump at a rig site when a 2-inch steel discharge line severed under 2800 PSI pressure, striking his shoulder and fracturing his clavicle. Employee was hospitalized.",1,213111
"A 12-inch adjustable wrench fell from a 4-foot workbench onto a helper's steel-toed safety boot. Boot cap protected toes, resulting in minor foot contusion.",0,213112
"A 12-inch adjustable wrench fell from a 4-foot workbench onto a helper's steel-toed safety boot. Boot cap protected toes, resulting in minor foot contusion.",0,213112
"A 12-inch adjustable wrench fell from a 4-foot workbench onto a helper's steel-toed safety boot. Boot cap protected toes, resulting in minor foot contusion.",0,213112
"Mechanic was replacing a fan belt on an auxiliary generator. His glove caught on the motor pulley shear point, resulting in minor skin laceration on thumb. Received first aid at local clinic, no hospitalization required.",0,213111
"Crude oil transport driver slipped on icy metal footstep while descending from truck cab, spraining right ankle. Treated at outpatient urgent care and released same day.",0,486110
"A 12-inch adjustable wrench fell from a 4-foot workbench onto a helper's steel-toed safety boot. Boot cap protected toes, resulting in minor foot contusion.",0,213112
Employee entered a sour crude separator vessel without testing atmospheric gas levels or wearing SCBA. High concentration of hydrogen sulfide (H2S) caused instant loss of consciousness. Co-worker pulled operator out.,1,211111
"Mechanic was replacing a fan belt on an auxiliary generator. His glove caught on the motor pulley shear point, resulting in minor skin laceration on thumb. Received first aid at local clinic, no hospitalization required.",0,213111
"A 12-inch adjustable wrench fell from a 4-foot workbench onto a helper's steel-toed safety boot. Boot cap protected toes, resulting in minor foot contusion.",0,213112
Technician was cleaning valve parts with solvent spray when minor droplet splashed around safety glasses into left eye. Eye was flushed at eyewash station for 15 minutes. Returned to full work next morning.,0,237120
"Mechanic was replacing a fan belt on an auxiliary generator. His glove caught on the motor pulley shear point, resulting in minor skin laceration on thumb. Received first aid at local clinic, no hospitalization required.",0,213111
Technician was cleaning valve parts with solvent spray when minor droplet splashed around safety glasses into left eye. Eye was flushed at eyewash station for 15 minutes. Returned to full work next morning.,0,237120
Technician was cleaning valve parts with solvent spray when minor droplet splashed around safety glasses into left eye. Eye was flushed at eyewash station for 15 minutes. Returned to full work next morning.,0,237120
"A 12-inch adjustable wrench fell from a 4-foot workbench onto a helper's steel-toed safety boot. Boot cap protected toes, resulting in minor foot contusion.",0,213112
"On a drilling rig floor, an employee was operating breakout tongs during tripping out of hole. His left hand slipped into the pinch point between the tong jaw and drill collar, resulting in partial index finger amputation.",1,211111
"Crude oil transport driver slipped on icy metal footstep while descending from truck cab, spraining right ankle. Treated at outpatient urgent care and released same day.",0,486110
"A 12-inch adjustable wrench fell from a 4-foot workbench onto a helper's steel-toed safety boot. Boot cap protected toes, resulting in minor foot contusion.",0,213112
Technician was cleaning valve parts with solvent spray when minor droplet splashed around safety glasses into left eye. Eye was flushed at eyewash station for 15 minutes. Returned to full work next morning.,0,237120
"Contract welder was cutting a structural beam near an unpurged hydrocarbon drain valve. Accumulated flammable gas ignited, causing second-degree thermal burns to arms and neck. Required 4-day inpatient hospitalization.",1,237120
Technician was cleaning valve parts with solvent spray when minor droplet splashed around safety glasses into left eye. Eye was flushed at eyewash station for 15 minutes. Returned to full work next morning.,0,237120
"A 12-inch adjustable wrench fell from a 4-foot workbench onto a helper's steel-toed safety boot. Boot cap protected toes, resulting in minor foot contusion.",0,213112
"Crude oil transport driver slipped on icy metal footstep while descending from truck cab, spraining right ankle. Treated at outpatient urgent care and released same day.",0,486110
"A 12-inch adjustable wrench fell from a 4-foot workbench onto a helper's steel-toed safety boot. Boot cap protected toes, resulting in minor foot contusion.",0,213112
"Crude oil transport driver slipped on icy metal footstep while descending from truck cab, spraining right ankle. Treated at outpatient urgent care and released same day.",0,486110
"Crude oil transport driver slipped on icy metal footstep while descending from truck cab, spraining right ankle. Treated at outpatient urgent care and released same day.",0,486110
Technician was cleaning valve parts with solvent spray when minor droplet splashed around safety glasses into left eye. Eye was flushed at eyewash station for 15 minutes. Returned to full work next morning.,0,237120
Employee entered a sour crude separator vessel without testing atmospheric gas levels or wearing SCBA. High concentration of hydrogen sulfide (H2S) caused instant loss of consciousness. Co-worker pulled operator out.,1,211111
"Derrickman was guiding drill pipe at the monkey board elevated platform when his safety harness lanyard detached from the inertia reel. Worker fell 15 feet onto the derrick substructure, sustaining spinal fractures.",1,213112
"A 12-inch adjustable wrench fell from a 4-foot workbench onto a helper's steel-toed safety boot. Boot cap protected toes, resulting in minor foot contusion.",0,213112
"Mechanic was replacing a fan belt on an auxiliary generator. His glove caught on the motor pulley shear point, resulting in minor skin laceration on thumb. Received first aid at local clinic, no hospitalization required.",0,213111
"A 12-inch adjustable wrench fell from a 4-foot workbench onto a helper's steel-toed safety boot. Boot cap protected toes, resulting in minor foot contusion.",0,213112
"Mechanic was replacing a fan belt on an auxiliary generator. His glove caught on the motor pulley shear point, resulting in minor skin laceration on thumb. Received first aid at local clinic, no hospitalization required.",0,213111
"Crude oil transport driver slipped on icy metal footstep while descending from truck cab, spraining right ankle. Treated at outpatient urgent care and released same day.",0,486110
Technician was cleaning valve parts with solvent spray when minor droplet splashed around safety glasses into left eye. Eye was flushed at eyewash station for 15 minutes. Returned to full work next morning.,0,237120
"Mechanic was replacing a fan belt on an auxiliary generator. His glove caught on the motor pulley shear point, resulting in minor skin laceration on thumb. Received first aid at local clinic, no hospitalization required.",0,213111
"Mechanic was replacing a fan belt on an auxiliary generator. His glove caught on the motor pulley shear point, resulting in minor skin laceration on thumb. Received first aid at local clinic, no hospitalization required.",0,213111
"A 12-inch adjustable wrench fell from a 4-foot workbench onto a helper's steel-toed safety boot. Boot cap protected toes, resulting in minor foot contusion.",0,213112
"Crude oil transport driver slipped on icy metal footstep while descending from truck cab, spraining right ankle. Treated at outpatient urgent care and released same day.",0,486110
Technician was cleaning valve parts with solvent spray when minor droplet splashed around safety glasses into left eye. Eye was flushed at eyewash station for 15 minutes. Returned to full work next morning.,0,237120
"Mechanic was replacing a fan belt on an auxiliary generator. His glove caught on the motor pulley shear point, resulting in minor skin laceration on thumb. Received first aid at local clinic, no hospitalization required.",0,213111
"A 12-inch adjustable wrench fell from a 4-foot workbench onto a helper's steel-toed safety boot. Boot cap protected toes, resulting in minor foot contusion.",0,213112
"Mechanic was replacing a fan belt on an auxiliary generator. His glove caught on the motor pulley shear point, resulting in minor skin laceration on thumb. Received first aid at local clinic, no hospitalization required.",0,213111
"A 12-inch adjustable wrench fell from a 4-foot workbench onto a helper's steel-toed safety boot. Boot cap protected toes, resulting in minor foot contusion.",0,213112
"Mechanic was replacing a fan belt on an auxiliary generator. His glove caught on the motor pulley shear point, resulting in minor skin laceration on thumb. Received first aid at local clinic, no hospitalization required.",0,213111
"Mechanic was replacing a fan belt on an auxiliary generator. His glove caught on the motor pulley shear point, resulting in minor skin laceration on thumb. Received first aid at local clinic, no hospitalization required.",0,213111
"A 12-inch adjustable wrench fell from a 4-foot workbench onto a helper's steel-toed safety boot. Boot cap protected toes, resulting in minor foot contusion.",0,213112
"Crude oil transport driver slipped on icy metal footstep while descending from truck cab, spraining right ankle. Treated at outpatient urgent care and released same day.",0,486110
Technician was cleaning valve parts with solvent spray when minor droplet splashed around safety glasses into left eye. Eye was flushed at eyewash station for 15 minutes. Returned to full work next morning.,0,237120
"Crude oil transport driver slipped on icy metal footstep while descending from truck cab, spraining right ankle. Treated at outpatient urgent care and released same day.",0,486110
"On a drilling rig floor, an employee was operating breakout tongs during tripping out of hole. His left hand slipped into the pinch point between the tong jaw and drill collar, resulting in partial index finger amputation.",1,211111
"Crude oil transport driver slipped on icy metal footstep while descending from truck cab, spraining right ankle. Treated at outpatient urgent care and released same day.",0,486110
Technician was cleaning valve parts with solvent spray when minor droplet splashed around safety glasses into left eye. Eye was flushed at eyewash station for 15 minutes. Returned to full work next morning.,0,237120
"A 12-inch adjustable wrench fell from a 4-foot workbench onto a helper's steel-toed safety boot. Boot cap protected toes, resulting in minor foot contusion.",0,213112
Technician was cleaning valve parts with solvent spray when minor droplet splashed around safety glasses into left eye. Eye was flushed at eyewash station for 15 minutes. Returned to full work next morning.,0,237120
"A 12-inch adjustable wrench fell from a 4-foot workbench onto a helper's steel-toed safety boot. Boot cap protected toes, resulting in minor foot contusion.",0,213112
Technician was cleaning valve parts with solvent spray when minor droplet splashed around safety glasses into left eye. Eye was flushed at eyewash station for 15 minutes. Returned to full work next morning.,0,237120
Employee entered a sour crude separator vessel without testing atmospheric gas levels or wearing SCBA. High concentration of hydrogen sulfide (H2S) caused instant loss of consciousness. Co-worker pulled operator out.,1,211111
"A 12-inch adjustable wrench fell from a 4-foot workbench onto a helper's steel-toed safety boot. Boot cap protected toes, resulting in minor foot contusion.",0,213112
Employee entered a sour crude separator vessel without testing atmospheric gas levels or wearing SCBA. High concentration of hydrogen sulfide (H2S) caused instant loss of consciousness. Co-worker pulled operator out.,1,211111
"Derrickman was guiding drill pipe at the monkey board elevated platform when his safety harness lanyard detached from the inertia reel. Worker fell 15 feet onto the derrick substructure, sustaining spinal fractures.",1,213112
"During offloading of 10-inch casing pipe from a flatbed trailer, the crane load swung unexpectedly. Pipe fitter standing in the line of fire was pinned between swinging load and truck bed, sustaining crushed pelvic injury.",1,486110
"On a drilling rig floor, an employee was operating breakout tongs during tripping out of hole. His left hand slipped into the pinch point between the tong jaw and drill collar, resulting in partial index finger amputation.",1,211111
"On a drilling rig floor, an employee was operating breakout tongs during tripping out of hole. His left hand slipped into the pinch point between the tong jaw and drill collar, resulting in partial index finger amputation.",1,211111
"Mechanic was replacing a fan belt on an auxiliary generator. His glove caught on the motor pulley shear point, resulting in minor skin laceration on thumb. Received first aid at local clinic, no hospitalization required.",0,213111
"Derrickman was guiding drill pipe at the monkey board elevated platform when his safety harness lanyard detached from the inertia reel. Worker fell 15 feet onto the derrick substructure, sustaining spinal fractures.",1,213112
"Contract welder was cutting a structural beam near an unpurged hydrocarbon drain valve. Accumulated flammable gas ignited, causing second-degree thermal burns to arms and neck. Required 4-day inpatient hospitalization.",1,237120
"Mechanic was replacing a fan belt on an auxiliary generator. His glove caught on the motor pulley shear point, resulting in minor skin laceration on thumb. Received first aid at local clinic, no hospitalization required.",0,213111
"Mechanic was replacing a fan belt on an auxiliary generator. His glove caught on the motor pulley shear point, resulting in minor skin laceration on thumb. Received first aid at local clinic, no hospitalization required.",0,213111
"Crude oil transport driver slipped on icy metal footstep while descending from truck cab, spraining right ankle. Treated at outpatient urgent care and released same day.",0,486110
"Roustabout was standing near the mud pump at a rig site when a 2-inch steel discharge line severed under 2800 PSI pressure, striking his shoulder and fracturing his clavicle. Employee was hospitalized.",1,213111
Technician was cleaning valve parts with solvent spray when minor droplet splashed around safety glasses into left eye. Eye was flushed at eyewash station for 15 minutes. Returned to full work next morning.,0,237120
"Roustabout was standing near the mud pump at a rig site when a 2-inch steel discharge line severed under 2800 PSI pressure, striking his shoulder and fracturing his clavicle. Employee was hospitalized.",1,213111
Technician was cleaning valve parts with solvent spray when minor droplet splashed around safety glasses into left eye. Eye was flushed at eyewash station for 15 minutes. Returned to full work next morning.,0,237120
Employee entered a sour crude separator vessel without testing atmospheric gas levels or wearing SCBA. High concentration of hydrogen sulfide (H2S) caused instant loss of consciousness. Co-worker pulled operator out.,1,211111
"Mechanic was replacing a fan belt on an auxiliary generator. His glove caught on the motor pulley shear point, resulting in minor skin laceration on thumb. Received first aid at local clinic, no hospitalization required.",0,213111
"A 12-inch adjustable wrench fell from a 4-foot workbench onto a helper's steel-toed safety boot. Boot cap protected toes, resulting in minor foot contusion.",0,213112
"Crude oil transport driver slipped on icy metal footstep while descending from truck cab, spraining right ankle. Treated at outpatient urgent care and released same day.",0,486110
"Mechanic was replacing a fan belt on an auxiliary generator. His glove caught on the motor pulley shear point, resulting in minor skin laceration on thumb. Received first aid at local clinic, no hospitalization required.",0,213111
"Mechanic was replacing a fan belt on an auxiliary generator. His glove caught on the motor pulley shear point, resulting in minor skin laceration on thumb. Received first aid at local clinic, no hospitalization required.",0,213111
"Roustabout was standing near the mud pump at a rig site when a 2-inch steel discharge line severed under 2800 PSI pressure, striking his shoulder and fracturing his clavicle. Employee was hospitalized.",1,213111
Technician was cleaning valve parts with solvent spray when minor droplet splashed around safety glasses into left eye. Eye was flushed at eyewash station for 15 minutes. Returned to full work next morning.,0,237120
"A 12-inch adjustable wrench fell from a 4-foot workbench onto a helper's steel-toed safety boot. Boot cap protected toes, resulting in minor foot contusion.",0,213112
"Crude oil transport driver slipped on icy metal footstep while descending from truck cab, spraining right ankle. Treated at outpatient urgent care and released same day.",0,486110
"Mechanic was replacing a fan belt on an auxiliary generator. His glove caught on the motor pulley shear point, resulting in minor skin laceration on thumb. Received first aid at local clinic, no hospitalization required.",0,213111
"A 12-inch adjustable wrench fell from a 4-foot workbench onto a helper's steel-toed safety boot. Boot cap protected toes, resulting in minor foot contusion.",0,213112
"On a drilling rig floor, an employee was operating breakout tongs during tripping out of hole. His left hand slipped into the pinch point between the tong jaw and drill collar, resulting in partial index finger amputation.",1,211111
"Crude oil transport driver slipped on icy metal footstep while descending from truck cab, spraining right ankle. Treated at outpatient urgent care and released same day.",0,486110
"Crude oil transport driver slipped on icy metal footstep while descending from truck cab, spraining right ankle. Treated at outpatient urgent care and released same day.",0,486110
"During offloading of 10-inch casing pipe from a flatbed trailer, the crane load swung unexpectedly. Pipe fitter standing in the line of fire was pinned between swinging load and truck bed, sustaining crushed pelvic injury.",1,486110
Technician was cleaning valve parts with solvent spray when minor droplet splashed around safety glasses into left eye. Eye was flushed at eyewash station for 15 minutes. Returned to full work next morning.,0,237120
"Mechanic was replacing a fan belt on an auxiliary generator. His glove caught on the motor pulley shear point, resulting in minor skin laceration on thumb. Received first aid at local clinic, no hospitalization required.",0,213111
"A 12-inch adjustable wrench fell from a 4-foot workbench onto a helper's steel-toed safety boot. Boot cap protected toes, resulting in minor foot contusion.",0,213112
"Mechanic was replacing a fan belt on an auxiliary generator. His glove caught on the motor pulley shear point, resulting in minor skin laceration on thumb. Received first aid at local clinic, no hospitalization required.",0,213111
"Crude oil transport driver slipped on icy metal footstep while descending from truck cab, spraining right ankle. Treated at outpatient urgent care and released same day.",0,486110
Technician was cleaning valve parts with solvent spray when minor droplet splashed around safety glasses into left eye. Eye was flushed at eyewash station for 15 minutes. Returned to full work next morning.,0,237120
Technician was cleaning valve parts with solvent spray when minor droplet splashed around safety glasses into left eye. Eye was flushed at eyewash station for 15 minutes. Returned to full work next morning.,0,237120
"Crude oil transport driver slipped on icy metal footstep while descending from truck cab, spraining right ankle. Treated at outpatient urgent care and released same day.",0,486110
"Crude oil transport driver slipped on icy metal footstep while descending from truck cab, spraining right ankle. Treated at outpatient urgent care and released same day.",0,486110
"Mechanic was replacing a fan belt on an auxiliary generator. His glove caught on the motor pulley shear point, resulting in minor skin laceration on thumb. Received first aid at local clinic, no hospitalization required.",0,213111
"A 12-inch adjustable wrench fell from a 4-foot workbench onto a helper's steel-toed safety boot. Boot cap protected toes, resulting in minor foot contusion.",0,213112
"Contract welder was cutting a structural beam near an unpurged hydrocarbon drain valve. Accumulated flammable gas ignited, causing second-degree thermal burns to arms and neck. Required 4-day inpatient hospitalization.",1,237120
"Mechanic was replacing a fan belt on an auxiliary generator. His glove caught on the motor pulley shear point, resulting in minor skin laceration on thumb. Received first aid at local clinic, no hospitalization required.",0,213111
"A 12-inch adjustable wrench fell from a 4-foot workbench onto a helper's steel-toed safety boot. Boot cap protected toes, resulting in minor foot contusion.",0,213112
"Mechanic was replacing a fan belt on an auxiliary generator. His glove caught on the motor pulley shear point, resulting in minor skin laceration on thumb. Received first aid at local clinic, no hospitalization required.",0,213111
"Crude oil transport driver slipped on icy metal footstep while descending from truck cab, spraining right ankle. Treated at outpatient urgent care and released same day.",0,486110
"Crude oil transport driver slipped on icy metal footstep while descending from truck cab, spraining right ankle. Treated at outpatient urgent care and released same day.",0,486110
"During offloading of 10-inch casing pipe from a flatbed trailer, the crane load swung unexpectedly. Pipe fitter standing in the line of fire was pinned between swinging load and truck bed, sustaining crushed pelvic injury.",1,486110
"Mechanic was replacing a fan belt on an auxiliary generator. His glove caught on the motor pulley shear point, resulting in minor skin laceration on thumb. Received first aid at local clinic, no hospitalization required.",0,213111
"A 12-inch adjustable wrench fell from a 4-foot workbench onto a helper's steel-toed safety boot. Boot cap protected toes, resulting in minor foot contusion.",0,213112
"Crude oil transport driver slipped on icy metal footstep while descending from truck cab, spraining right ankle. Treated at outpatient urgent care and released same day.",0,486110
"Contract welder was cutting a structural beam near an unpurged hydrocarbon drain valve. Accumulated flammable gas ignited, causing second-degree thermal burns to arms and neck. Required 4-day inpatient hospitalization.",1,237120
Employee entered a sour crude separator vessel without testing atmospheric gas levels or wearing SCBA. High concentration of hydrogen sulfide (H2S) caused instant loss of consciousness. Co-worker pulled operator out.,1,211111
"Crude oil transport driver slipped on icy metal footstep while descending from truck cab, spraining right ankle. Treated at outpatient urgent care and released same day.",0,486110
"Mechanic was replacing a fan belt on an auxiliary generator. His glove caught on the motor pulley shear point, resulting in minor skin laceration on thumb. Received first aid at local clinic, no hospitalization required.",0,213111
"Crude oil transport driver slipped on icy metal footstep while descending from truck cab, spraining right ankle. Treated at outpatient urgent care and released same day.",0,486110
"Roustabout was standing near the mud pump at a rig site when a 2-inch steel discharge line severed under 2800 PSI pressure, striking his shoulder and fracturing his clavicle. Employee was hospitalized.",1,213111
"Mechanic was replacing a fan belt on an auxiliary generator. His glove caught on the motor pulley shear point, resulting in minor skin laceration on thumb. Received first aid at local clinic, no hospitalization required.",0,213111
"Roustabout was standing near the mud pump at a rig site when a 2-inch steel discharge line severed under 2800 PSI pressure, striking his shoulder and fracturing his clavicle. Employee was hospitalized.",1,213111
"A 12-inch adjustable wrench fell from a 4-foot workbench onto a helper's steel-toed safety boot. Boot cap protected toes, resulting in minor foot contusion.",0,213112
"Mechanic was replacing a fan belt on an auxiliary generator. His glove caught on the motor pulley shear point, resulting in minor skin laceration on thumb. Received first aid at local clinic, no hospitalization required.",0,213111
Employee entered a sour crude separator vessel without testing atmospheric gas levels or wearing SCBA. High concentration of hydrogen sulfide (H2S) caused instant loss of consciousness. Co-worker pulled operator out.,1,211111
Technician was cleaning valve parts with solvent spray when minor droplet splashed around safety glasses into left eye. Eye was flushed at eyewash station for 15 minutes. Returned to full work next morning.,0,237120
Technician was cleaning valve parts with solvent spray when minor droplet splashed around safety glasses into left eye. Eye was flushed at eyewash station for 15 minutes. Returned to full work next morning.,0,237120
"Derrickman was guiding drill pipe at the monkey board elevated platform when his safety harness lanyard detached from the inertia reel. Worker fell 15 feet onto the derrick substructure, sustaining spinal fractures.",1,213112
"A 12-inch adjustable wrench fell from a 4-foot workbench onto a helper's steel-toed safety boot. Boot cap protected toes, resulting in minor foot contusion.",0,213112
Technician was cleaning valve parts with solvent spray when minor droplet splashed around safety glasses into left eye. Eye was flushed at eyewash station for 15 minutes. Returned to full work next morning.,0,237120
"Mechanic was replacing a fan belt on an auxiliary generator. His glove caught on the motor pulley shear point, resulting in minor skin laceration on thumb. Received first aid at local clinic, no hospitalization required.",0,213111
"Crude oil transport driver slipped on icy metal footstep while descending from truck cab, spraining right ankle. Treated at outpatient urgent care and released same day.",0,486110
"Mechanic was replacing a fan belt on an auxiliary generator. His glove caught on the motor pulley shear point, resulting in minor skin laceration on thumb. Received first aid at local clinic, no hospitalization required.",0,213111
Technician was cleaning valve parts with solvent spray when minor droplet splashed around safety glasses into left eye. Eye was flushed at eyewash station for 15 minutes. Returned to full work next morning.,0,237120
"A 12-inch adjustable wrench fell from a 4-foot workbench onto a helper's steel-toed safety boot. Boot cap protected toes, resulting in minor foot contusion.",0,213112
"Contract welder was cutting a structural beam near an unpurged hydrocarbon drain valve. Accumulated flammable gas ignited, causing second-degree thermal burns to arms and neck. Required 4-day inpatient hospitalization.",1,237120
Technician was cleaning valve parts with solvent spray when minor droplet splashed around safety glasses into left eye. Eye was flushed at eyewash station for 15 minutes. Returned to full work next morning.,0,237120
Technician was cleaning valve parts with solvent spray when minor droplet splashed around safety glasses into left eye. Eye was flushed at eyewash station for 15 minutes. Returned to full work next morning.,0,237120
Technician was cleaning valve parts with solvent spray when minor droplet splashed around safety glasses into left eye. Eye was flushed at eyewash station for 15 minutes. Returned to full work next morning.,0,237120
"A 12-inch adjustable wrench fell from a 4-foot workbench onto a helper's steel-toed safety boot. Boot cap protected toes, resulting in minor foot contusion.",0,213112
"Crude oil transport driver slipped on icy metal footstep while descending from truck cab, spraining right ankle. Treated at outpatient urgent care and released same day.",0,486110
"Crude oil transport driver slipped on icy metal footstep while descending from truck cab, spraining right ankle. Treated at outpatient urgent care and released same day.",0,486110
"Derrickman was guiding drill pipe at the monkey board elevated platform when his safety harness lanyard detached from the inertia reel. Worker fell 15 feet onto the derrick substructure, sustaining spinal fractures.",1,213112
"Crude oil transport driver slipped on icy metal footstep while descending from truck cab, spraining right ankle. Treated at outpatient urgent care and released same day.",0,486110
Employee entered a sour crude separator vessel without testing atmospheric gas levels or wearing SCBA. High concentration of hydrogen sulfide (H2S) caused instant loss of consciousness. Co-worker pulled operator out.,1,211111
"A 12-inch adjustable wrench fell from a 4-foot workbench onto a helper's steel-toed safety boot. Boot cap protected toes, resulting in minor foot contusion.",0,213112
"A 12-inch adjustable wrench fell from a 4-foot workbench onto a helper's steel-toed safety boot. Boot cap protected toes, resulting in minor foot contusion.",0,213112
"Derrickman was guiding drill pipe at the monkey board elevated platform when his safety harness lanyard detached from the inertia reel. Worker fell 15 feet onto the derrick substructure, sustaining spinal fractures.",1,213112
"Crude oil transport driver slipped on icy metal footstep while descending from truck cab, spraining right ankle. Treated at outpatient urgent care and released same day.",0,486110
"On a drilling rig floor, an employee was operating breakout tongs during tripping out of hole. His left hand slipped into the pinch point between the tong jaw and drill collar, resulting in partial index finger amputation.",1,211111
"Mechanic was replacing a fan belt on an auxiliary generator. His glove caught on the motor pulley shear point, resulting in minor skin laceration on thumb. Received first aid at local clinic, no hospitalization required.",0,213111
Technician was cleaning valve parts with solvent spray when minor droplet splashed around safety glasses into left eye. Eye was flushed at eyewash station for 15 minutes. Returned to full work next morning.,0,237120
"Crude oil transport driver slipped on icy metal footstep while descending from truck cab, spraining right ankle. Treated at outpatient urgent care and released same day.",0,486110
Employee entered a sour crude separator vessel without testing atmospheric gas levels or wearing SCBA. High concentration of hydrogen sulfide (H2S) caused instant loss of consciousness. Co-worker pulled operator out.,1,211111
"A 12-inch adjustable wrench fell from a 4-foot workbench onto a helper's steel-toed safety boot. Boot cap protected toes, resulting in minor foot contusion.",0,213112
"Derrickman was guiding drill pipe at the monkey board elevated platform when his safety harness lanyard detached from the inertia reel. Worker fell 15 feet onto the derrick substructure, sustaining spinal fractures.",1,213112
"Mechanic was replacing a fan belt on an auxiliary generator. His glove caught on the motor pulley shear point, resulting in minor skin laceration on thumb. Received first aid at local clinic, no hospitalization required.",0,213111
"Mechanic was replacing a fan belt on an auxiliary generator. His glove caught on the motor pulley shear point, resulting in minor skin laceration on thumb. Received first aid at local clinic, no hospitalization required.",0,213111
Technician was cleaning valve parts with solvent spray when minor droplet splashed around safety glasses into left eye. Eye was flushed at eyewash station for 15 minutes. Returned to full work next morning.,0,237120
"A 12-inch adjustable wrench fell from a 4-foot workbench onto a helper's steel-toed safety boot. Boot cap protected toes, resulting in minor foot contusion.",0,213112
"Mechanic was replacing a fan belt on an auxiliary generator. His glove caught on the motor pulley shear point, resulting in minor skin laceration on thumb. Received first aid at local clinic, no hospitalization required.",0,213111
"Contract welder was cutting a structural beam near an unpurged hydrocarbon drain valve. Accumulated flammable gas ignited, causing second-degree thermal burns to arms and neck. Required 4-day inpatient hospitalization.",1,237120
"A 12-inch adjustable wrench fell from a 4-foot workbench onto a helper's steel-toed safety boot. Boot cap protected toes, resulting in minor foot contusion.",0,213112
"A 12-inch adjustable wrench fell from a 4-foot workbench onto a helper's steel-toed safety boot. Boot cap protected toes, resulting in minor foot contusion.",0,213112
"Roustabout was standing near the mud pump at a rig site when a 2-inch steel discharge line severed under 2800 PSI pressure, striking his shoulder and fracturing his clavicle. Employee was hospitalized.",1,213111
"On a drilling rig floor, an employee was operating breakout tongs during tripping out of hole. His left hand slipped into the pinch point between the tong jaw and drill collar, resulting in partial index finger amputation.",1,211111
"Crude oil transport driver slipped on icy metal footstep while descending from truck cab, spraining right ankle. Treated at outpatient urgent care and released same day.",0,486110
"Crude oil transport driver slipped on icy metal footstep while descending from truck cab, spraining right ankle. Treated at outpatient urgent care and released same day.",0,486110
"Crude oil transport driver slipped on icy metal footstep while descending from truck cab, spraining right ankle. Treated at outpatient urgent care and released same day.",0,486110
"Crude oil transport driver slipped on icy metal footstep while descending from truck cab, spraining right ankle. Treated at outpatient urgent care and released same day.",0,486110
"A 12-inch adjustable wrench fell from a 4-foot workbench onto a helper's steel-toed safety boot. Boot cap protected toes, resulting in minor foot contusion.",0,213112
"A 12-inch adjustable wrench fell from a 4-foot workbench onto a helper's steel-toed safety boot. Boot cap protected toes, resulting in minor foot contusion.",0,213112
"Roustabout was standing near the mud pump at a rig site when a 2-inch steel discharge line severed under 2800 PSI pressure, striking his shoulder and fracturing his clavicle. Employee was hospitalized.",1,213111
Technician was cleaning valve parts with solvent spray when minor droplet splashed around safety glasses into left eye. Eye was flushed at eyewash station for 15 minutes. Returned to full work next morning.,0,237120
"A 12-inch adjustable wrench fell from a 4-foot workbench onto a helper's steel-toed safety boot. Boot cap protected toes, resulting in minor foot contusion.",0,213112
Technician was cleaning valve parts with solvent spray when minor droplet splashed around safety glasses into left eye. Eye was flushed at eyewash station for 15 minutes. Returned to full work next morning.,0,237120
"Crude oil transport driver slipped on icy metal footstep while descending from truck cab, spraining right ankle. Treated at outpatient urgent care and released same day.",0,486110
"Crude oil transport driver slipped on icy metal footstep while descending from truck cab, spraining right ankle. Treated at outpatient urgent care and released same day.",0,486110
"Roustabout was standing near the mud pump at a rig site when a 2-inch steel discharge line severed under 2800 PSI pressure, striking his shoulder and fracturing his clavicle. Employee was hospitalized.",1,213111
"Crude oil transport driver slipped on icy metal footstep while descending from truck cab, spraining right ankle. Treated at outpatient urgent care and released same day.",0,486110
"During offloading of 10-inch casing pipe from a flatbed trailer, the crane load swung unexpectedly. Pipe fitter standing in the line of fire was pinned between swinging load and truck bed, sustaining crushed pelvic injury.",1,486110
Technician was cleaning valve parts with solvent spray when minor droplet splashed around safety glasses into left eye. Eye was flushed at eyewash station for 15 minutes. Returned to full work next morning.,0,237120
"Roustabout was standing near the mud pump at a rig site when a 2-inch steel discharge line severed under 2800 PSI pressure, striking his shoulder and fracturing his clavicle. Employee was hospitalized.",1,213111
Technician was cleaning valve parts with solvent spray when minor droplet splashed around safety glasses into left eye. Eye was flushed at eyewash station for 15 minutes. Returned to full work next morning.,0,237120
Employee entered a sour crude separator vessel without testing atmospheric gas levels or wearing SCBA. High concentration of hydrogen sulfide (H2S) caused instant loss of consciousness. Co-worker pulled operator out.,1,211111
"Mechanic was replacing a fan belt on an auxiliary generator. His glove caught on the motor pulley shear point, resulting in minor skin laceration on thumb. Received first aid at local clinic, no hospitalization required.",0,213111
Technician was cleaning valve parts with solvent spray when minor droplet splashed around safety glasses into left eye. Eye was flushed at eyewash station for 15 minutes. Returned to full work next morning.,0,237120
"Contract welder was cutting a structural beam near an unpurged hydrocarbon drain valve. Accumulated flammable gas ignited, causing second-degree thermal burns to arms and neck. Required 4-day inpatient hospitalization.",1,237120
"Crude oil transport driver slipped on icy metal footstep while descending from truck cab, spraining right ankle. Treated at outpatient urgent care and released same day.",0,486110
"Mechanic was replacing a fan belt on an auxiliary generator. His glove caught on the motor pulley shear point, resulting in minor skin laceration on thumb. Received first aid at local clinic, no hospitalization required.",0,213111
"A 12-inch adjustable wrench fell from a 4-foot workbench onto a helper's steel-toed safety boot. Boot cap protected toes, resulting in minor foot contusion.",0,213112
"Crude oil transport driver slipped on icy metal footstep while descending from truck cab, spraining right ankle. Treated at outpatient urgent care and released same day.",0,486110
Technician was cleaning valve parts with solvent spray when minor droplet splashed around safety glasses into left eye. Eye was flushed at eyewash station for 15 minutes. Returned to full work next morning.,0,237120
"Roustabout was standing near the mud pump at a rig site when a 2-inch steel discharge line severed under 2800 PSI pressure, striking his shoulder and fracturing his clavicle. Employee was hospitalized.",1,213111
"Mechanic was replacing a fan belt on an auxiliary generator. His glove caught on the motor pulley shear point, resulting in minor skin laceration on thumb. Received first aid at local clinic, no hospitalization required.",0,213111
"Crude oil transport driver slipped on icy metal footstep while descending from truck cab, spraining right ankle. Treated at outpatient urgent care and released same day.",0,486110
"On a drilling rig floor, an employee was operating breakout tongs during tripping out of hole. His left hand slipped into the pinch point between the tong jaw and drill collar, resulting in partial index finger amputation.",1,211111
"Crude oil transport driver slipped on icy metal footstep while descending from truck cab, spraining right ankle. Treated at outpatient urgent care and released same day.",0,486110
Technician was cleaning valve parts with solvent spray when minor droplet splashed around safety glasses into left eye. Eye was flushed at eyewash station for 15 minutes. Returned to full work next morning.,0,237120
"A 12-inch adjustable wrench fell from a 4-foot workbench onto a helper's steel-toed safety boot. Boot cap protected toes, resulting in minor foot contusion.",0,213112
"A 12-inch adjustable wrench fell from a 4-foot workbench onto a helper's steel-toed safety boot. Boot cap protected toes, resulting in minor foot contusion.",0,213112
Employee entered a sour crude separator vessel without testing atmospheric gas levels or wearing SCBA. High concentration of hydrogen sulfide (H2S) caused instant loss of consciousness. Co-worker pulled operator out.,1,211111
"Crude oil transport driver slipped on icy metal footstep while descending from truck cab, spraining right ankle. Treated at outpatient urgent care and released same day.",0,486110
"Mechanic was replacing a fan belt on an auxiliary generator. His glove caught on the motor pulley shear point, resulting in minor skin laceration on thumb. Received first aid at local clinic, no hospitalization required.",0,213111
"Mechanic was replacing a fan belt on an auxiliary generator. His glove caught on the motor pulley shear point, resulting in minor skin laceration on thumb. Received first aid at local clinic, no hospitalization required.",0,213111
"A 12-inch adjustable wrench fell from a 4-foot workbench onto a helper's steel-toed safety boot. Boot cap protected toes, resulting in minor foot contusion.",0,213112
Technician was cleaning valve parts with solvent spray when minor droplet splashed around safety glasses into left eye. Eye was flushed at eyewash station for 15 minutes. Returned to full work next morning.,0,237120
"Mechanic was replacing a fan belt on an auxiliary generator. His glove caught on the motor pulley shear point, resulting in minor skin laceration on thumb. Received first aid at local clinic, no hospitalization required.",0,213111
"Roustabout was standing near the mud pump at a rig site when a 2-inch steel discharge line severed under 2800 PSI pressure, striking his shoulder and fracturing his clavicle. Employee was hospitalized.",1,213111
"Derrickman was guiding drill pipe at the monkey board elevated platform when his safety harness lanyard detached from the inertia reel. Worker fell 15 feet onto the derrick substructure, sustaining spinal fractures.",1,213112
"Crude oil transport driver slipped on icy metal footstep while descending from truck cab, spraining right ankle. Treated at outpatient urgent care and released same day.",0,486110
"A 12-inch adjustable wrench fell from a 4-foot workbench onto a helper's steel-toed safety boot. Boot cap protected toes, resulting in minor foot contusion.",0,213112
"Roustabout was standing near the mud pump at a rig site when a 2-inch steel discharge line severed under 2800 PSI pressure, striking his shoulder and fracturing his clavicle. Employee was hospitalized.",1,213111
"Mechanic was replacing a fan belt on an auxiliary generator. His glove caught on the motor pulley shear point, resulting in minor skin laceration on thumb. Received first aid at local clinic, no hospitalization required.",0,213111
"A 12-inch adjustable wrench fell from a 4-foot workbench onto a helper's steel-toed safety boot. Boot cap protected toes, resulting in minor foot contusion.",0,213112
"Mechanic was replacing a fan belt on an auxiliary generator. His glove caught on the motor pulley shear point, resulting in minor skin laceration on thumb. Received first aid at local clinic, no hospitalization required.",0,213111
"Mechanic was replacing a fan belt on an auxiliary generator. His glove caught on the motor pulley shear point, resulting in minor skin laceration on thumb. Received first aid at local clinic, no hospitalization required.",0,213111
"A 12-inch adjustable wrench fell from a 4-foot workbench onto a helper's steel-toed safety boot. Boot cap protected toes, resulting in minor foot contusion.",0,213112
"A 12-inch adjustable wrench fell from a 4-foot workbench onto a helper's steel-toed safety boot. Boot cap protected toes, resulting in minor foot contusion.",0,213112
"Mechanic was replacing a fan belt on an auxiliary generator. His glove caught on the motor pulley shear point, resulting in minor skin laceration on thumb. Received first aid at local clinic, no hospitalization required.",0,213111
"Mechanic was replacing a fan belt on an auxiliary generator. His glove caught on the motor pulley shear point, resulting in minor skin laceration on thumb. Received first aid at local clinic, no hospitalization required.",0,213111
"Contract welder was cutting a structural beam near an unpurged hydrocarbon drain valve. Accumulated flammable gas ignited, causing second-degree thermal burns to arms and neck. Required 4-day inpatient hospitalization.",1,237120
"Crude oil transport driver slipped on icy metal footstep while descending from truck cab, spraining right ankle. Treated at outpatient urgent care and released same day.",0,486110
"Contract welder was cutting a structural beam near an unpurged hydrocarbon drain valve. Accumulated flammable gas ignited, causing second-degree thermal burns to arms and neck. Required 4-day inpatient hospitalization.",1,237120
"On a drilling rig floor, an employee was operating breakout tongs during tripping out of hole. His left hand slipped into the pinch point between the tong jaw and drill collar, resulting in partial index finger amputation.",1,211111
"A 12-inch adjustable wrench fell from a 4-foot workbench onto a helper's steel-toed safety boot. Boot cap protected toes, resulting in minor foot contusion.",0,213112
"Crude oil transport driver slipped on icy metal footstep while descending from truck cab, spraining right ankle. Treated at outpatient urgent care and released same day.",0,486110
Technician was cleaning valve parts with solvent spray when minor droplet splashed around safety glasses into left eye. Eye was flushed at eyewash station for 15 minutes. Returned to full work next morning.,0,237120
Technician was cleaning valve parts with solvent spray when minor droplet splashed around safety glasses into left eye. Eye was flushed at eyewash station for 15 minutes. Returned to full work next morning.,0,237120
Technician was cleaning valve parts with solvent spray when minor droplet splashed around safety glasses into left eye. Eye was flushed at eyewash station for 15 minutes. Returned to full work next morning.,0,237120
Employee entered a sour crude separator vessel without testing atmospheric gas levels or wearing SCBA. High concentration of hydrogen sulfide (H2S) caused instant loss of consciousness. Co-worker pulled operator out.,1,211111
Technician was cleaning valve parts with solvent spray when minor droplet splashed around safety glasses into left eye. Eye was flushed at eyewash station for 15 minutes. Returned to full work next morning.,0,237120
"Crude oil transport driver slipped on icy metal footstep while descending from truck cab, spraining right ankle. Treated at outpatient urgent care and released same day.",0,486110
"A 12-inch adjustable wrench fell from a 4-foot workbench onto a helper's steel-toed safety boot. Boot cap protected toes, resulting in minor foot contusion.",0,213112
"A 12-inch adjustable wrench fell from a 4-foot workbench onto a helper's steel-toed safety boot. Boot cap protected toes, resulting in minor foot contusion.",0,213112
"A 12-inch adjustable wrench fell from a 4-foot workbench onto a helper's steel-toed safety boot. Boot cap protected toes, resulting in minor foot contusion.",0,213112
"On a drilling rig floor, an employee was operating breakout tongs during tripping out of hole. His left hand slipped into the pinch point between the tong jaw and drill collar, resulting in partial index finger amputation.",1,211111
"A 12-inch adjustable wrench fell from a 4-foot workbench onto a helper's steel-toed safety boot. Boot cap protected toes, resulting in minor foot contusion.",0,213112
"Mechanic was replacing a fan belt on an auxiliary generator. His glove caught on the motor pulley shear point, resulting in minor skin laceration on thumb. Received first aid at local clinic, no hospitalization required.",0,213111
"On a drilling rig floor, an employee was operating breakout tongs during tripping out of hole. His left hand slipped into the pinch point between the tong jaw and drill collar, resulting in partial index finger amputation.",1,211111
Technician was cleaning valve parts with solvent spray when minor droplet splashed around safety glasses into left eye. Eye was flushed at eyewash station for 15 minutes. Returned to full work next morning.,0,237120
"Mechanic was replacing a fan belt on an auxiliary generator. His glove caught on the motor pulley shear point, resulting in minor skin laceration on thumb. Received first aid at local clinic, no hospitalization required.",0,213111
"Crude oil transport driver slipped on icy metal footstep while descending from truck cab, spraining right ankle. Treated at outpatient urgent care and released same day.",0,486110
"Roustabout was standing near the mud pump at a rig site when a 2-inch steel discharge line severed under 2800 PSI pressure, striking his shoulder and fracturing his clavicle. Employee was hospitalized.",1,213111
"During offloading of 10-inch casing pipe from a flatbed trailer, the crane load swung unexpectedly. Pipe fitter standing in the line of fire was pinned between swinging load and truck bed, sustaining crushed pelvic injury.",1,486110
"Crude oil transport driver slipped on icy metal footstep while descending from truck cab, spraining right ankle. Treated at outpatient urgent care and released same day.",0,486110
"Derrickman was guiding drill pipe at the monkey board elevated platform when his safety harness lanyard detached from the inertia reel. Worker fell 15 feet onto the derrick substructure, sustaining spinal fractures.",1,213112
Technician was cleaning valve parts with solvent spray when minor droplet splashed around safety glasses into left eye. Eye was flushed at eyewash station for 15 minutes. Returned to full work next morning.,0,237120
"Derrickman was guiding drill pipe at the monkey board elevated platform when his safety harness lanyard detached from the inertia reel. Worker fell 15 feet onto the derrick substructure, sustaining spinal fractures.",1,213112
Technician was cleaning valve parts with solvent spray when minor droplet splashed around safety glasses into left eye. Eye was flushed at eyewash station for 15 minutes. Returned to full work next morning.,0,237120
"Crude oil transport driver slipped on icy metal footstep while descending from truck cab, spraining right ankle. Treated at outpatient urgent care and released same day.",0,486110
"Contract welder was cutting a structural beam near an unpurged hydrocarbon drain valve. Accumulated flammable gas ignited, causing second-degree thermal burns to arms and neck. Required 4-day inpatient hospitalization.",1,237120
Employee entered a sour crude separator vessel without testing atmospheric gas levels or wearing SCBA. High concentration of hydrogen sulfide (H2S) caused instant loss of consciousness. Co-worker pulled operator out.,1,211111
Technician was cleaning valve parts with solvent spray when minor droplet splashed around safety glasses into left eye. Eye was flushed at eyewash station for 15 minutes. Returned to full work next morning.,0,237120
"On a drilling rig floor, an employee was operating breakout tongs during tripping out of hole. His left hand slipped into the pinch point between the tong jaw and drill collar, resulting in partial index finger amputation.",1,211111
"Contract welder was cutting a structural beam near an unpurged hydrocarbon drain valve. Accumulated flammable gas ignited, causing second-degree thermal burns to arms and neck. Required 4-day inpatient hospitalization.",1,237120
"Mechanic was replacing a fan belt on an auxiliary generator. His glove caught on the motor pulley shear point, resulting in minor skin laceration on thumb. Received first aid at local clinic, no hospitalization required.",0,213111
"Crude oil transport driver slipped on icy metal footstep while descending from truck cab, spraining right ankle. Treated at outpatient urgent care and released same day.",0,486110
"Crude oil transport driver slipped on icy metal footstep while descending from truck cab, spraining right ankle. Treated at outpatient urgent care and released same day.",0,486110
"On a drilling rig floor, an employee was operating breakout tongs during tripping out of hole. His left hand slipped into the pinch point between the tong jaw and drill collar, resulting in partial index finger amputation.",1,211111
Technician was cleaning valve parts with solvent spray when minor droplet splashed around safety glasses into left eye. Eye was flushed at eyewash station for 15 minutes. Returned to full work next morning.,0,237120
"Derrickman was guiding drill pipe at the monkey board elevated platform when his safety harness lanyard detached from the inertia reel. Worker fell 15 feet onto the derrick substructure, sustaining spinal fractures.",1,213112
"Derrickman was guiding drill pipe at the monkey board elevated platform when his safety harness lanyard detached from the inertia reel. Worker fell 15 feet onto the derrick substructure, sustaining spinal fractures.",1,213112
"Roustabout was standing near the mud pump at a rig site when a 2-inch steel discharge line severed under 2800 PSI pressure, striking his shoulder and fracturing his clavicle. Employee was hospitalized.",1,213111
"A 12-inch adjustable wrench fell from a 4-foot workbench onto a helper's steel-toed safety boot. Boot cap protected toes, resulting in minor foot contusion.",0,213112
"Mechanic was replacing a fan belt on an auxiliary generator. His glove caught on the motor pulley shear point, resulting in minor skin laceration on thumb. Received first aid at local clinic, no hospitalization required.",0,213111
"A 12-inch adjustable wrench fell from a 4-foot workbench onto a helper's steel-toed safety boot. Boot cap protected toes, resulting in minor foot contusion.",0,213112
"On a drilling rig floor, an employee was operating breakout tongs during tripping out of hole. His left hand slipped into the pinch point between the tong jaw and drill collar, resulting in partial index finger amputation.",1,211111
"Crude oil transport driver slipped on icy metal footstep while descending from truck cab, spraining right ankle. Treated at outpatient urgent care and released same day.",0,486110
Technician was cleaning valve parts with solvent spray when minor droplet splashed around safety glasses into left eye. Eye was flushed at eyewash station for 15 minutes. Returned to full work next morning.,0,237120
"Crude oil transport driver slipped on icy metal footstep while descending from truck cab, spraining right ankle. Treated at outpatient urgent care and released same day.",0,486110
"Crude oil transport driver slipped on icy metal footstep while descending from truck cab, spraining right ankle. Treated at outpatient urgent care and released same day.",0,486110
"Roustabout was standing near the mud pump at a rig site when a 2-inch steel discharge line severed under 2800 PSI pressure, striking his shoulder and fracturing his clavicle. Employee was hospitalized.",1,213111
Technician was cleaning valve parts with solvent spray when minor droplet splashed around safety glasses into left eye. Eye was flushed at eyewash station for 15 minutes. Returned to full work next morning.,0,237120
"Crude oil transport driver slipped on icy metal footstep while descending from truck cab, spraining right ankle. Treated at outpatient urgent care and released same day.",0,486110
"Mechanic was replacing a fan belt on an auxiliary generator. His glove caught on the motor pulley shear point, resulting in minor skin laceration on thumb. Received first aid at local clinic, no hospitalization required.",0,213111
"Mechanic was replacing a fan belt on an auxiliary generator. His glove caught on the motor pulley shear point, resulting in minor skin laceration on thumb. Received first aid at local clinic, no hospitalization required.",0,213111
Technician was cleaning valve parts with solvent spray when minor droplet splashed around safety glasses into left eye. Eye was flushed at eyewash station for 15 minutes. Returned to full work next morning.,0,237120
Technician was cleaning valve parts with solvent spray when minor droplet splashed around safety glasses into left eye. Eye was flushed at eyewash station for 15 minutes. Returned to full work next morning.,0,237120
"Crude oil transport driver slipped on icy metal footstep while descending from truck cab, spraining right ankle. Treated at outpatient urgent care and released same day.",0,486110
"A 12-inch adjustable wrench fell from a 4-foot workbench onto a helper's steel-toed safety boot. Boot cap protected toes, resulting in minor foot contusion.",0,213112
"During offloading of 10-inch casing pipe from a flatbed trailer, the crane load swung unexpectedly. Pipe fitter standing in the line of fire was pinned between swinging load and truck bed, sustaining crushed pelvic injury.",1,486110
"Contract welder was cutting a structural beam near an unpurged hydrocarbon drain valve. Accumulated flammable gas ignited, causing second-degree thermal burns to arms and neck. Required 4-day inpatient hospitalization.",1,237120
"Mechanic was replacing a fan belt on an auxiliary generator. His glove caught on the motor pulley shear point, resulting in minor skin laceration on thumb. Received first aid at local clinic, no hospitalization required.",0,213111
Employee entered a sour crude separator vessel without testing atmospheric gas levels or wearing SCBA. High concentration of hydrogen sulfide (H2S) caused instant loss of consciousness. Co-worker pulled operator out.,1,211111
Technician was cleaning valve parts with solvent spray when minor droplet splashed around safety glasses into left eye. Eye was flushed at eyewash station for 15 minutes. Returned to full work next morning.,0,237120
"Crude oil transport driver slipped on icy metal footstep while descending from truck cab, spraining right ankle. Treated at outpatient urgent care and released same day.",0,486110
"A 12-inch adjustable wrench fell from a 4-foot workbench onto a helper's steel-toed safety boot. Boot cap protected toes, resulting in minor foot contusion.",0,213112
"Mechanic was replacing a fan belt on an auxiliary generator. His glove caught on the motor pulley shear point, resulting in minor skin laceration on thumb. Received first aid at local clinic, no hospitalization required.",0,213111
"Mechanic was replacing a fan belt on an auxiliary generator. His glove caught on the motor pulley shear point, resulting in minor skin laceration on thumb. Received first aid at local clinic, no hospitalization required.",0,213111
"Crude oil transport driver slipped on icy metal footstep while descending from truck cab, spraining right ankle. Treated at outpatient urgent care and released same day.",0,486110
"Crude oil transport driver slipped on icy metal footstep while descending from truck cab, spraining right ankle. Treated at outpatient urgent care and released same day.",0,486110
"Crude oil transport driver slipped on icy metal footstep while descending from truck cab, spraining right ankle. Treated at outpatient urgent care and released same day.",0,486110
Technician was cleaning valve parts with solvent spray when minor droplet splashed around safety glasses into left eye. Eye was flushed at eyewash station for 15 minutes. Returned to full work next morning.,0,237120
